Player,Team,2020-21,2021-22,2022-23,2023-24,2024-25,2025-26,SignedUsing,Guaranteed,PlayerId
Stephen Curry,GSW,"$43,006,362","$45,780,966",,,,,Bird Rights,"$88,787,328",curryst01
Russell Westbrook,WAS,"$41,358,814","$44,211,146","$47,063,478",,,,Bird Rights,"$85,569,960",westbru01
Chris Paul,PHO,"$41,358,814","$44,211,146",,,,,Bird Rights,"$41,358,814",paulch01
John Wall,HOU,"$41,254,920","$44,310,840","$47,366,760",,,,Bird Rights,"$85,565,760",walljo01
James Harden,HOU,"$40,824,000","$43,848,000","$46,872,000",,,,Bird Rights,"$84,672,000",hardeja01
LeBron James,LAL,"$39,219,565","$41,180,544","$44,474,988",,,,Cap Space,"$124,875,097",jamesle01
Kevin Durant,BRK,"$39,058,950","$40,918,900","$42,778,850",,,,Sign and Trade,"$79,977,850",duranke01
Blake Griffin,DET,"$36,595,996","$38,957,028",,,,,Bird Rights,"$36,595,996",griffbl01
Paul George,LAC,"$35,450,412","$39,344,970","$42,492,568","$45,640,165","$48,787,763",,Maximum Salary,"$162,928,115",georgpa01
Klay Thompson,GSW,"$35,361,360","$37,980,720","$40,600,080","$43,219,440",,,Bird Rights,"$157,161,600",thompkl01
Mike Conley,UTA,"$34,504,132",,,,,,Cap Space,"$34,504,132",conlemi01
Jimmy Butler,MIA,"$34,379,100","$36,016,200","$37,653,300",,,,Sign and Trade,"$70,395,300",butleji01
Kemba Walker,BOS,"$34,379,100","$36,016,200","$37,653,300",,,,Sign and Trade,"$70,395,300",walkeke02
Kawhi Leonard,LAC,"$34,379,100","$36,016,200",,,,,Cap Space,"$34,379,100",leonaka01
Tobias Harris,PHI,"$33,517,241","$36,000,000","$38,482,759","$40,965,517",,,Bird Rights,"$148,965,517",harrito02
Kyrie Irving,BRK,"$33,329,100","$34,916,200","$36,503,300",,,,Cap space,"$104,748,600",irvinky01
Khris Middleton,MIL,"$33,051,724","$35,500,000","$37,948,276","$40,396,552",,,Bird Rights,"$106,500,000",middlkh01
Anthony Davis,LAL,"$32,742,000","$35,361,360","$37,980,720","$40,600,080","$43,219,440",,Bird,"$146,684,160",davisan02
Damian Lillard,POR,"$31,626,953","$43,750,000","$47,250,000","$50,750,000","$54,250,000",,1st Round Pick,"$227,626,953",lillada01
Kevin Love,CLE,"$31,300,000","$31,300,000","$28,900,000",,,,Bird Rights,"$91,500,000",loveke01
Kyle Lowry,TOR,"$30,000,000",,,,,,Bird Rights,"$30,000,000",lowryky01
Joel Embiid,PHI,"$29,542,010","$31,579,390","$33,616,770",,,,1st Round Pick,"$94,738,170",embiijo01
Andrew Wiggins,GSW,"$29,542,010","$31,579,390","$33,616,770",,,,1st Round Pick,"$94,738,170",wiggian01
Kristaps Porziņģis,DAL,"$29,467,800","$31,650,600","$33,833,400","$36,016,200",,,Bird Rights,"$94,951,800",porzikr01
Devin Booker,PHO,"$29,430,000","$31,610,000","$33,790,000","$35,970,000",,,1st round pick,"$130,800,000",bookede01
Karl-Anthony Towns,MIN,"$29,430,000","$31,610,000","$33,790,000","$35,970,000",,,1st Round Pick,"$128,620,000",townska01
CJ McCollum,POR,"$29,354,152","$30,864,198","$33,333,333","$35,802,469",,,1st Round Pick,"$129,354,152",mccolcj01
Ben Simmons,PHI,"$29,250,000","$31,590,000","$33,930,000","$36,270,000","$38,610,000",,1st Round pick,"$169,650,000",simmobe01
Jamal Murray,DEN,"$29,250,000","$31,590,000","$33,930,000","$36,270,000","$38,610,000",,1st Round pick,"$169,650,000",murraja01
Pascal Siakam,TOR,"$29,000,000","$31,320,000","$33,640,000","$35,960,000",,,1st Round pick,"$129,920,000",siakapa01
Bradley Beal,WAS,"$28,751,775","$34,502,130","$37,262,300",,,,Cap Space,"$63,253,905",bealbr01
Andre Drummond,CLE,"$28,751,775",,,,,,Cap Space,"$28,751,775",drumman01
D'Angelo Russell,MIN,"$28,649,250","$30,013,500","$31,377,750",,,,Sign and Trade,"$90,040,500",russeda01
Nikola Jokić,DEN,"$28,542,009","$30,510,423","$32,478,837",,,,Bird Rights,"$91,531,269",jokicni01
Gordon Hayward,CHO,"$28,500,000","$29,900,000","$30,100,000","$31,500,000",,,Sign and Trade,"$120,000,000",haywago01
Otto Porter,CHI,"$28,489,239",,,,,,Bird Rights,"$28,489,239",porteot01
DeMar DeRozan,SAS,"$27,739,975",,,,,,Cap Space,"$27,739,975",derozde01
Giannis Antetokounmpo,MIL,"$27,528,090","$39,344,970","$42,492,568","$45,640,165","$48,787,763","$51,935,360",1st Round Pick,"$203,793,556",antetgi01
Steven Adams,NOP,"$27,528,090","$17,073,171","$17,926,829",,,,1st Round Pick,"$62,528,090",adamsst01
Al Horford,OKC,"$27,500,000","$27,000,000","$26,500,000",,,,Cap Space,"$69,000,000",horfoal01
Brandon Ingram,NOP,"$27,285,000","$29,467,800","$31,650,600","$33,833,400","$36,016,200",,Bird,"$158,253,000",ingrabr01
Nicolas Batum,CHO,"$29,695,187",,,,,,,"$27,130,434",batumni01
Rudy Gobert,UTA,"$26,525,281","$35,344,828","$38,172,414","$41,000,000","$43,827,587","$46,655,173",1st Round Pick,"$184,870,110",goberru01
Jrue Holiday,MIL,"$26,131,111","$27,020,000",,,,,Bird Rights,"$26,131,111",holidjr01
Nikola Vučević,ORL,"$26,000,000","$24,000,000","$22,000,000",,,,Bird Rights,"$72,000,000",vucevni01
Buddy Hield,SAC,"$24,431,818","$22,477,273","$20,522,727","$18,568,182",,,1st Round pick,"$86,000,000",hieldbu01
LaMarcus Aldridge,SAS,"$24,000,000",,,,,,Cap Space,"$24,000,000",aldrila01
Jaylen Brown,BOS,"$22,991,071","$24,830,357","$26,669,643","$28,508,929",,,1st Round pick,"$103,000,000",brownja02
Draymond Green,GSW,"$22,246,956","$24,026,712","$25,806,469","$27,586,225",,,Bird Rights,"$72,080,137",greendr01
Harrison Barnes,SAC,"$22,215,909","$20,284,091","$18,352,273",,,,Bird Rights,"$60,852,273",barneha02
Fred VanVleet,TOR,"$21,250,000","$19,675,926","$21,250,000","$22,824,074",,,Bird,"$62,175,926",vanvlfr01
Victor Oladipo,IND,"$21,000,000",,,,,,1st Round Pick,"$21,000,000",oladivi01
Malcolm Brogdon,IND,"$20,700,000","$21,700,000","$22,600,000",,,,Sign and Trade,"$65,000,000",brogdma01
Danilo Gallinari,ATL,"$19,500,000","$20,475,000","$21,450,000",,,,Sign and Trade,"$44,975,000",gallida01
Zach LaVine,CHI,"$19,500,000","$19,500,000",,,,,Cap space,"$39,000,000",lavinza01
Gary Harris,DEN,"$19,160,714","$20,482,143",,,,,1st Round Pick,"$39,642,857",harriga01
Jerami Grant,DET,"$19,047,619","$20,000,000","$20,952,381",,,,Sign and Trade,"$60,000,000",grantje01
Tim Hardaway Jr.,DAL,"$18,975,000",,,,,,Cap space,"$18,975,000",hardati02
Terry Rozier,CHO,"$18,900,000","$17,905,263",,,,,Sign and Trade,"$36,805,263",roziete01
Julius Randle,NYK,"$18,900,000","$19,800,000",,,,,Cap Space,"$22,900,000",randlju01
Aaron Gordon,ORL,"$18,136,364","$16,409,091",,,,,Bird Rights,"$34,545,455",gordoaa01
Myles Turner,IND,"$18,000,000","$18,000,000","$18,000,000",,,,1st Round pick,"$54,000,000",turnemy01
Bogdan Bogdanović,ATL,"$18,000,000","$18,000,000","$18,000,000","$18,000,000",,,Cap Space,"$54,000,000",bogdabo01
Goran Dragić,MIA,"$18,000,000","$19,440,000",,,,,Bird,"$18,000,000",dragigo01
Bojan Bogdanović,UTA,"$17,850,000","$18,700,000","$19,550,000",,,,Cap Space,"$56,100,000",bogdabo02
Gorgui Dieng,MEM,"$17,287,640",,,,,,1st Round Pick,"$17,287,640",dienggo01
Domantas Sabonis,IND,"$17,187,500","$18,562,500","$19,937,500","$21,312,500",,,1st Round pick,"$77,000,000",sabondo01
Ricky Rubio,MIN,"$17,000,000","$17,809,524",,,,,Cap Space,"$34,809,524",rubiori01
Evan Fournier,ORL,"$17,000,000",,,,,,Cap Space,"$17,000,000",fournev01
Eric Bledsoe,NOP,"$16,875,000","$18,125,000","$19,375,000",,,,Bird Rights,"$38,900,000",bledser01
Eric Gordon,HOU,"$16,869,276","$18,218,818","$19,568,360","$20,917,902",,,Cap Space,"$54,656,454",gordoer01
Caris LeVert,BRK,"$16,203,704","$17,500,000","$18,796,296",,,,1st Round pick,"$52,500,000",leverca01
Joe Harris,BRK,"$16,071,429","$17,357,143","$18,642,857","$19,928,571",,,Bird,"$72,000,000",harrijo01
James Johnson,DAL,"$16,047,100",,,,,,Cap space,"$16,047,100",johnsja01
Clint Capela,ATL,"$16,000,000","$17,103,448","$18,206,897",,,,Bird Rights,"$51,310,345",capelca01
Dennis Schröder,LAL,"$15,500,000",,,,,,1st Round Pick,"$15,500,000",schrode01
Cody Zeller,CHO,"$15,415,730",,,,,,1st Round Pick,"$15,415,730",zelleco01
Danny Green,PHI,"$15,365,854",,,,,,Cap Space,"$15,365,854",greenda02
Jonas Valančiūnas,MEM,"$15,000,000","$14,000,000",,,,,Bird Rights,"$29,000,000",valanjo01
Andre Iguodala,MIA,"$15,000,000","$15,000,000",,,,,Bird Rights,"$15,000,000",iguodan01
Marcus Morris,LAC,"$14,883,721","$15,627,907","$16,372,093","$17,116,279",,,Non Bird,"$64,000,000",morrima03
Kelly Oubre Jr.,GSW,"$14,375,000",,,,,,Bird Rights,"$14,375,000",oubreke01
Dejounte Murray,SAS,"$14,285,714","$15,428,571","$16,571,429","$17,714,286",,,1st Round pick,"$64,000,000",murrade01
Rudy Gay,SAS,"$14,000,000",,,,,,Early Bird Rights,"$14,000,000",gayru01
Taurean Prince,BRK,"$13,942,308","$15,057,692",,,,,1st Round pick,"$29,000,000",princta02
Will Barton,DEN,"$13,920,000","$14,880,000",,,,,Bird Rights,"$13,920,000",bartowi01
Dāvis Bertāns,WAS,"$13,793,103","$14,896,552","$16,000,000","$17,103,448","$18,206,897",,Bird,"$75,000,000",bertada01
Thaddeus Young,CHI,"$13,545,000","$14,190,000",,,,,Cap space,"$19,545,000",youngth01
Terrence Ross,ORL,"$13,500,000","$12,500,000","$11,500,000",,,,Bird Rights,"$37,500,000",rosste01
Marcus Smart,BOS,"$13,446,428","$14,339,285",,,,,Bird Rights,"$27,785,713",smartma01
Patrick Beverley,LAC,"$13,333,333","$14,320,988",,,,,Bird Rights,"$27,654,321",beverpa01
Malik Beasley,MIN,"$13,325,895","$14,391,964","$15,458,035","$16,524,106",,,Bird,"$43,175,894",beaslma01
Patty Mills,SAS,"$13,285,714",,,,,,Bird Rights,"$13,285,714",millspa02
Christian Wood,HOU,"$13,015,874","$13,666,667","$14,317,459",,,,Sign and Trade,"$41,000,000",woodch01
J.J. Redick,NOP,"$13,013,700",,,,,,Cap Space,"$13,013,700",redicjj01
Justise Winslow,MEM,"$13,000,000","$13,000,000",,,,,1st Round Pick,"$13,000,000",winslju01
Trevor Ariza,OKC,"$12,800,000",,,,,,Cap Space,"$1,800,000",arizatr01
Brook Lopez,MIL,"$12,697,675","$13,302,325","$13,906,976",,,,Cap Space,"$39,906,976",lopezbr01
Dion Waiters,MEM,"$12,650,000",,,,,,,"$12,650,000",waitedi01
Cory Joseph,SAC,"$12,600,000","$12,600,000",,,,,Cap Space,"$12,600,000",josepco01
Markelle Fultz,ORL,"$12,288,697","$16,500,000","$16,500,000","$17,000,000",,,1st Round Pick,"$47,288,697",fultzma01
Kelly Olynyk,MIA,"$12,198,243",,,,,,Cap space,"$12,198,243",olynyke01
Tony Snell,ATL,"$12,178,571",,,,,,Cap space,"$12,178,571",snellto01
Robert Covington,POR,"$12,138,345","$12,975,471",,,,,Cap Space,"$25,113,816",covinro01
Kentavious Caldwell-Pope,LAL,"$12,073,020","$13,038,862","$14,004,703",,,,Early Bird,"$30,000,000",caldwke01
Jusuf Nurkić,POR,"$12,000,000","$12,000,000",,,,,Bird Rights,"$16,000,000",nurkiju01
T.J. Warren,IND,"$11,750,000","$12,690,000",,,,,1st Round Pick,"$24,440,000",warretj01
Larry Nance Jr.,CLE,"$11,709,091","$10,690,909","$9,672,727",,,,1st Round pick,"$32,072,727",nancela02
Jordan Clarkson,UTA,"$11,500,000","$12,420,000","$13,340,000","$14,260,000",,,Bird,"$37,260,000",clarkjo01
Spencer Dinwiddie,BRK,"$11,454,048","$12,302,496",,,,,Minimum Salary,"$11,454,048",dinwisp01
Dillon Brooks,MEM,"$11,400,000","$12,200,000","$11,400,000",,,,MLE,"$35,000,000",brookdi01
Lonzo Ball,NOP,"$11,003,782",,,,,,1st Round Pick,"$11,003,782",balllo01
Norman Powell,TOR,"$10,865,952","$11,615,328",,,,,Cap Space,"$10,865,952",powelno01
Joe Ingles,UTA,"$10,863,637","$14,000,000",,,,,Bird Rights,"$24,863,637",inglejo01
Josh Richardson,DAL,"$10,800,000","$11,600,000",,,,,Minimum Salary,"$10,800,000",richajo01
Jeremy Lamb,IND,"$10,500,000","$10,500,000",,,,,Cap Space,"$21,000,000",lambje01
DeAndre Jordan,BRK,"$10,375,678","$9,881,598","$9,821,842",,,,Cap space,"$30,079,118",jordade01
Zion Williamson,NOP,"$10,245,480","$10,733,400","$13,534,817",,,,1st Round Pick,"$10,245,480",willizi01
Dwight Powell,DAL,"$10,185,185","$11,000,000","$11,814,815",,,,Cap Space,"$33,000,000",poweldw01
Rodney Hood,POR,"$10,047,450","$10,851,246",,,,,Early Bird,"$10,047,450",hoodro01
Deandre Ayton,PHO,"$10,018,200","$12,632,950",,,,,1st Round Pick,"$22,651,150",aytonde01
Tomáš Satoranský,CHI,"$10,000,000","$10,000,000",,,,,Sign and Trade,"$15,000,000",satorto01
Paul Millsap,DEN,"$10,000,000",,,,,,Bird,"$10,000,000",millspa01
Jayson Tatum,BOS,"$9,897,120","$28,103,550","$30,351,834","$32,600,118","$34,848,402","$37,096,686",1st Round Pick,"$135,801,024",tatumja01
Anthony Edwards,MIN,"$9,757,440","$10,245,480","$10,733,400","$13,534,817",,,1st Round Pick,"$20,002,920",edwaran01
Meyers Leonard,MIA,"$9,756,098","$10,243,902",,,,,Bird,"$9,756,098",leoname01
Al-Farouq Aminu,ORL,"$9,720,900","$10,183,800",,,,,MLE,"$19,904,700",aminual01
Dante Exum,CLE,"$9,600,000",,,,,,Cap Space,"$9,100,000",exumda01
George Hill,OKC,"$9,590,602","$10,047,297",,,,,Cap Space,"$10,866,093",hillge01
Kyle Anderson,MEM,"$9,505,100","$9,937,150",,,,,MLE,"$19,442,250",anderky01
Derrick Jones Jr.,POR,"$9,268,293","$9,731,707",,,,,MLE,"$19,000,000",jonesde02
Jae Crowder,PHO,"$9,258,000","$9,720,900","$10,183,800",,,,MLE,"$29,162,700",crowdja01
Derrick Favors,UTA,"$9,258,000","$9,720,900","$10,183,800",,,,MLE,"$18,978,900",favorde01
Montrezl Harrell,LAL,"$9,258,000","$9,720,900",,,,,MLE,"$18,978,900",harremo01
Tristan Thompson,BOS,"$9,258,000","$9,720,900",,,,,MLE,"$18,978,900",thomptr01
Serge Ibaka,LAC,"$9,258,000","$9,742,000",,,,,MLE,"$9,258,000",ibakase01
Ja Morant,MEM,"$9,166,800","$9,603,360","$12,119,440",,,,1st Round Pick,"$18,770,160",moranja01
Delon Wright,DET,"$9,000,000","$8,526,316",,,,,Sign and Trade,"$17,526,316",wrighde01
Marvin Bagley III,SAC,"$8,963,640","$11,312,114",,,,,1st Round Pick,"$20,275,754",baglema01
Cedi Osman,CLE,"$8,750,000","$8,050,000","$7,350,000","$6,650,000",,,MLE,"$24,150,000",osmande01
James Wiseman,GSW,"$8,730,240","$9,166,800","$9,603,360","$12,119,440",,,1st Round Pick,"$17,897,040",wisemja01
Dario Šarić,PHO,"$8,333,333","$9,000,000","$9,666,667",,,,Bird,"$27,000,000",saricda01
Thomas Bryant,WAS,"$8,333,333","$8,730,159",,,,,Early Bird Rights,"$17,063,492",bryanth01
Maxi Kleber,DAL,"$8,250,000","$8,750,000","$9,000,000",,,,Early Bird Rights,"$17,000,000",klebima01
RJ Barrett,NYK,"$8,231,760","$8,623,920","$10,900,635",,,,1st Round Pick,"$16,855,680",barrerj01
Jakob Poeltl,SAS,"$8,101,852","$8,750,000","$9,398,148",,,,Bird,"$26,250,000",poeltja01
De'Aaron Fox,SAC,"$8,099,627","$28,103,550","$30,351,834","$32,600,118","$34,848,402","$37,096,686",1st Round Pick,"$171,100,217",foxde01
Luka Dončić,DAL,"$8,049,360","$10,174,391",,,,,1st Round Pick,"$18,223,751",doncilu01
Royce O'Neale,UTA,"$8,035,714","$8,678,571","$9,321,429","$9,964,286",,,Cap space,"$36,000,000",onealro01
Mason Plumlee,DET,"$8,000,000","$8,137,500","$8,525,000",,,,Cap space,"$24,662,500",plumlma01
Lou Williams,LAC,"$8,000,000",,,,,,Cap Space,"$8,000,000",willilo02
P.J. Tucker,HOU,"$7,969,537",,,,,,MLE,"$7,969,537",tuckepj01
Tyus Jones,MEM,"$7,965,100","$7,522,200",,,,,MLE,"$15,487,300",jonesty01
LaMelo Ball,CHO,"$7,839,960","$8,231,760","$8,623,920","$10,900,635",,,1st Round Pick,"$16,071,720",ballla01
Seth Curry,PHI,"$7,813,953","$8,186,047","$8,558,140",,,,MLE,"$24,558,140",curryse01
De'Anthony Melton,MEM,"$7,812,500","$8,437,500","$9,062,500","$9,687,500",,,Early Bird,"$35,000,000",meltode01
Derrick Rose,DET,"$7,682,927",,,,,,MLE,"$7,682,927",rosede01
Cristiano Felício,CHI,"$7,529,020",,,,,,Cap space,"$7,529,020",feliccr01
Rajon Rondo,ATL,"$7,500,000","$7,500,000",,,,,Cap Space,"$15,000,000",rondora01
De'Andre Hunter,ATL,"$7,422,000","$7,775,400","$9,835,881",,,,1st Round Pick,"$15,197,400",huntede01
Jonathan Isaac,ORL,"$7,362,566","$17,400,000","$17,400,000","$17,400,000","$17,400,000",,1st Round Pick,"$76,962,566",isaacjo01
Doug McDermott,IND,"$7,333,333",,,,,,Cap Space,"$7,333,333",mcderdo01
Robin Lopez,WAS,"$7,300,000",,,,,,MLE,"$7,300,000",lopezro01
Jaren Jackson Jr.,MEM,"$7,257,360","$9,180,560",,,,,1st Round Pick,"$16,437,920",jacksja02
JaMychal Green,DEN,"$7,199,760","$7,559,748",,,,,MLE,"$14,759,508",greenja01
Nemanja Bjelica,SAC,"$7,150,000",,,,,,,,bjeline01
Patrick Williams,CHI,"$7,068,360","$7,422,000","$7,775,400","$9,835,881",,,1st Round Pick,"$14,490,360",willipa01
Ivica Zubac,LAC,"$7,000,000","$7,518,518","$7,518,518",,,,Bird Rights,"$14,518,518",zubaciv01
Darius Miller,OKC,"$7,000,000",,,,,,Early Bird Rights,"$7,000,000",milleda01
Aron Baynes,TOR,"$6,975,610","$7,324,390",,,,,MLE,"$6,975,610",baynear01
Lauri Markkanen,CHI,"$6,731,508",,,,,,1st Round Pick,"$6,731,508",markkla01
Darius Garland,CLE,"$6,720,720","$7,040,880","$8,920,795",,,,1st Round Pick,"$13,761,600",garlada01
D.J. Augustin,MIL,"$6,666,667","$7,000,000","$7,333,333",,,,MLE,"$14,000,000",augusdj01
Trae Young,ATL,"$6,571,800","$8,326,471",,,,,1st Round Pick,"$14,898,271",youngtr01
Jabari Parker,SAC,"$6,500,000",,,,,,Cap Space,"$6,500,000",parkeja01
Juan Hernangómez,MIN,"$6,493,000","$7,012,440","$7,531,880",,,,Bird,"$13,505,440",hernaju01
Chris Boucher,TOR,"$6,490,385","$7,009,615",,,,,Early Bird,"$13,500,000",bouchch01
Joakim Noah,NYK,"$6,431,666","$6,431,666",,,,,,"$12,863,332",noahjo01
Isaac Okoro,CLE,"$6,400,920","$6,720,720","$7,040,880","$8,920,795",,,1st Round Pick,"$13,121,640",okorois01
Frank Ntilikina,NYK,"$6,176,578",,,,,,1st Round Pick,"$6,176,578",ntilila01
DeMarre Carroll,SAS,"$6,167,887","$1,252,127",,,,,,"$7,420,014",carrode01
Ish Smith,WAS,"$6,146,341",,,,,,MLE,"$6,146,341",smithis01
Jarrett Culver,MIN,"$6,104,280","$6,395,160","$8,109,063",,,,1st Round Pick,"$12,499,440",culveja01
Alec Burks,NYK,"$6,000,000",,,,,,Cap Space,"$6,000,000",burksal01
Mo Bamba,ORL,"$5,969,040","$7,568,742",,,,,1st Round Pick,"$13,537,782",bambamo01
Onyeka Okongwu,ATL,"$5,813,640","$6,104,280","$6,395,160","$8,109,063",,,1st Round Pick,"$11,917,920",okongon01
Justin Holiday,IND,"$5,720,400","$6,006,420","$6,292,440",,,,Non Bird,"$18,019,260",holidju01
Dennis Smith Jr.,NYK,"$5,686,677",,,,,,1st Round Pick,"$5,686,677",smithde03
Avery Bradley,MIA,"$5,635,000","$5,916,750",,,,,MLE,"$5,635,000",bradlav01
Timofey Mozgov,ORL,"$5,573,333","$5,573,334",,,,,,"$11,146,667",mozgoti01
Coby White,CHI,"$5,572,680","$5,837,760","$7,413,955",,,,1st Round Pick,"$5,572,680",whiteco01
Trey Lyles,SAS,"$5,500,000",,,,,,,,lylestr01
Wendell Carter Jr.,CHI,"$5,448,840","$6,920,027",,,,,1st Round Pick,"$5,448,840",cartewe01
Zach Collins,POR,"$5,406,255",,,,,,1st Round Pick,"$5,406,255",colliza01
Malik Monk,CHO,"$5,345,687",,,,,,1st Round Pick,"$5,345,687",monkma01
Killian Hayes,DET,"$5,307,120","$5,572,680","$5,837,760","$7,413,955",,,1st Round Pick,"$10,879,800",hayeski01
Luke Kennard,LAC,"$5,273,826","$12,727,273","$13,745,455","$14,763,636","$14,763,636",,1st Round Pick,"$46,510,190",kennalu01
Ryan Anderson,MIA,"$5,214,583","$5,214,584",,,,,,"$10,429,167",anderry01
Donovan Mitchell,UTA,"$5,195,501","$28,103,550","$30,351,834","$32,600,118","$34,848,402","$37,096,686",1st Round Pick,"$131,099,405",mitchdo01
Bam Adebayo,MIA,"$5,115,492","$28,103,550","$30,351,834","$32,600,118","$34,848,402","$37,096,686",1st Round Pick,"$168,116,082",adebaba01
Jaxson Hayes,NOP,"$5,105,160","$5,348,280","$6,803,012",,,,1st Round Pick,"$5,105,160",hayesja02
Justin Jackson,OKC,"$5,029,650",,,,,,1st Round Pick,"$5,029,650",jacksju01
Richaun Holmes,SAC,"$5,005,350",,,,,,Room Exception,"$5,005,350",holmeri01
Enes Kanter,POR,"$5,005,350",,,,,,Room Exception,"$5,005,350",kanteen01
Mike Scott,PHI,"$5,005,350",,,,,,Room Exception,"$5,005,350",scottmi01
Ed Davis,MIN,"$5,005,350",,,,,,Room Exception,"$5,005,350",davised01
Rodney McGruder,DET,"$5,000,000","$5,370,370",,,,,Cap Space,"$10,370,370",mcgruro01
Nerlens Noel,NYK,"$5,000,000",,,,,,Cap Space,"$5,000,000",noelne01
Daniel Theis,BOS,"$5,000,000",,,,,,,,theisda01
Collin Sexton,CLE,"$4,991,880","$6,349,671",,,,,1st Round Pick,"$11,341,551",sextoco01
Luol Deng,LAL,"$4,990,000","$4,990,000",,,,,,"$9,980,000",denglu01
Pat Connaughton,MIL,"$4,938,272","$5,333,333","$5,728,395",,,,Early Bird,"$10,271,605",connapa01
Obi Toppin,NYK,"$4,862,040","$5,105,160","$5,348,280","$6,803,012",,,1st Round Pick,"$9,967,200",toppiob01
Kevon Looney,GSW,"$4,821,429","$5,178,572",,,,,Bird Rights,"$4,821,429",looneke01
Josh Jackson,DET,"$4,767,000","$5,005,350",,,,,Room Exception,"$9,772,350",jacksjo02
Garrett Temple,CHI,"$4,767,000",,,,,,MLE,"$4,767,000",templga01
Kris Dunn,ATL,"$4,767,000","$5,005,350",,,,,Room Exception,"$4,767,000",dunnkr01
Elfrid Payton,NYK,"$5,760,000",,,,,,Cap Space,"$5,760,000",paytoel01
Rui Hachimura,WAS,"$4,692,840","$4,916,160","$6,263,188",,,,1st Round Pick,"$9,609,000",hachiru01
Denzel Valentine,CHI,"$4,642,800",,,,,,,"$4,642,800",valende01
Kevin Knox,NYK,"$4,588,680","$5,845,978",,,,,1st Round Pick,"$10,434,658",knoxke01
D.J. Wilson,MIL,"$4,548,280",,,,,,1st Round Pick,"$4,548,280",wilsodj01
Deni Avdija,WAS,"$4,469,160","$4,692,840","$4,916,160","$6,263,188",,,1st Round Pick,"$9,162,000",avdijde01
Cam Reddish,ATL,"$4,458,000","$4,670,160","$5,954,454",,,,1st Round Pick,"$9,128,160",reddica01
Mikal Bridges,PHO,"$4,359,000","$5,557,725",,,,,1st Round Pick,"$9,916,725",bridgmi01
T.J. Leaf,OKC,"$4,326,825",,,,,,1st Round Pick,"$4,326,825",leaftj01
Jalen Smith,PHO,"$4,245,720","$4,458,000","$4,670,160","$5,954,454",,,1st Round Pick,"$8,703,720",smithja04
Cameron Johnson,PHO,"$4,235,160","$4,437,000","$5,887,899",,,,1st Round Pick,"$8,672,160",johnsca02
JaVale McGee,CLE,"$4,200,000",,,,,,Cap Space,"$4,200,000",mcgeeja01
Reggie Bullock,NYK,"$4,200,000",,,,,,Room Exception,"$1,000,000",bullore01
Shai Gilgeous-Alexander,OKC,"$4,141,320","$5,495,532",,,,,1st Round Pick,"$9,636,852",gilgesh01
John Collins,ATL,"$4,137,302",,,,,,1st Round Pick,"$4,137,302",collijo01
Nicolò Melli,NOP,"$4,097,561",,,,,,Room Exception,"$4,097,561",mellini01
Devin Vassell,SAS,"$4,033,440","$4,235,160","$4,437,000","$5,887,899",,,1st Round Pick,"$8,268,600",vassede01
P.J. Washington,CHO,"$4,023,600","$4,215,120","$5,808,435",,,,1st Round Pick,"$8,238,720",washipj01
Willie Cauley-Stein,DAL,"$4,000,000","$4,200,000",,,,,MLE,"$8,200,000",caulewi01
Dorian Finney-Smith,DAL,"$4,000,000","$4,000,000",,,,,Bird Rights,"$8,000,000",finnedo01
Patrick McCaw,TOR,"$4,000,000",,,,,,MLE,"$4,000,000",mccawpa01
Terrance Ferguson,PHI,"$3,944,013",,,,,,1st Round Pick,"$3,944,013",fergute01
Miles Bridges,CHO,"$3,934,320","$5,421,493",,,,,1st Round Pick,"$9,355,813",bridgmi02
Jarrett Allen,BRK,"$3,909,902",,,,,,1st Round Pick,"$3,909,902",allenja01
OG Anunoby,TOR,"$3,872,215","$16,071,429","$17,357,143","$18,642,857","$19,928,571",,1st Round Pick,"$75,872,215",anunoog01
Tyrese Haliburton,SAC,"$3,831,840","$4,023,600","$4,215,120","$5,808,435",,,1st Round Pick,"$7,855,440",halibty01
Tyler Herro,MIA,"$3,822,240","$4,004,280","$5,722,116",,,,1st Round Pick,"$7,826,520",herroty01
Stanley Johnson,TOR,"$3,801,000",,,,,,Bi-annual Exception,"$3,801,000",johnsst04
Jake Layman,MIN,"$3,761,085","$3,940,184",,,,,Sign and Trade,"$7,701,269",laymaja01
Danuel House,HOU,"$3,717,000","$3,894,000",,,,,MLE,"$7,611,000",houseda01
Kira Lewis Jr.,NOP,"$3,640,200","$3,822,240","$4,004,280","$5,722,116",,,1st Round Pick,"$7,462,440",lewiski01
Romeo Langford,BOS,"$3,631,200","$3,804,360","$5,634,257",,,,1st Round Pick,"$7,435,560",langfro01
Facundo Campazzo,DEN,"$3,623,000","$3,804,150",,,,,Bi-Annual Exception,"$7,427,150",campafa01
Bobby Portis,MIL,"$3,623,000","$3,804,150",,,,,Bi-Annual Exception,"$3,623,000",portibo01
Maurice Harkless,MIA,"$3,623,000",,,,,,MLE,"$3,623,000",harklma01
Wesley Matthews,LAL,"$3,623,000",,,,,,Bi-Annual Exception,"$3,623,000",matthwe02
Kyle Kuzma,LAL,"$3,562,178","$13,000,000","$13,000,000","$13,000,000",,,1st Round Pick,"$29,562,178",kuzmaky01
Michael Porter Jr.,DEN,"$3,550,800","$5,258,735",,,,,1st Round Pick,"$8,809,535",portemi01
Jevon Carter,PHO,"$3,549,383","$3,833,333","$4,117,284",,,,Early Bird,"$11,500,000",carteje01
Tony Bradley,PHI,"$3,542,060",,,,,,1st Round Pick,"$3,542,060",bradlto01
Derrick White,SAS,"$3,516,284","$15,178,571","$16,392,857","$17,607,143","$18,821,429",,1st Round Pick,"$71,516,284",whitede01
Mirza Teletović,MIL,"$3,500,000",,,,,,,"$3,500,000",teletmi01
Boban Marjanović,DAL,"$3,500,000",,,,,,Bi-Annual Exception,"$3,500,000",marjabo01
T.J. McConnell,IND,"$3,500,000",,,,,,Cap Space,"$1,000,000",mccontj01
Josh Hart,NOP,"$3,491,159",,,,,,1st Round Pick,"$3,491,159",hartjo01
Aaron Nesmith,BOS,"$3,458,400","$3,631,200","$3,804,360","$5,634,257",,,1st Round Pick,"$7,089,600",nesmiaa01
Sekou Doumbouya,DET,"$3,449,400","$3,613,680","$5,539,771",,,,1st Round Pick,"$7,063,080",doumbse01
Troy Brown Jr.,WAS,"$3,372,840","$5,170,564",,,,,1st Round Pick,"$8,543,404",browntr01
James Ennis,ORL,"$3,300,000",,,,,,MLE,"$3,300,000",ennisja01
Cole Anthony,ORL,"$3,285,120","$3,449,400","$3,613,680","$5,539,771",,,1st Round Pick,"$6,734,520",anthoco01
Zhaire Smith,DET,"$3,204,600",,,,,,,"$3,204,600",smithzh01
Trey Burke,DAL,"$3,174,603","$3,333,333","$3,492,063",,,,MLE,"$6,507,936",burketr01
Austin Rivers,NYK,"$3,174,603","$3,333,333","$3,492,063",,,,Sign and Trade,"$3,174,603",riverau01
Jon Leuer,MIL,"$3,169,348","$3,169,347",,,,,,"$6,338,695",leuerjo01
Chuma Okeke,ORL,"$3,121,080","$3,277,080","$3,433,320","$5,266,713",,,1st Round Pick,"$6,398,160",okekech01
Isaiah Stewart,DET,"$3,121,080","$3,277,080","$3,433,320","$5,266,713",,,1st Round Pick,"$6,398,160",stewais01
Nickeil Alexander-Walker,NOP,"$3,113,160","$3,261,480","$5,009,633",,,,1st Round Pick,"$3,113,160",alexani01
Patrick Patterson,LAC,"$3,814,768","$737,066",,,,,Non Bird,"$3,077,701",pattepa01
Donte DiVincenzo,MIL,"$3,044,160","$4,675,830",,,,,1st Round Pick,"$7,719,990",divindo01
Michael Carter-Williams,ORL,"$3,000,000","$3,000,000",,,,,Early Bird,"$6,000,000",cartemi01
Khem Birch,ORL,"$3,000,000",,,,,,Early Bird Rights,"$3,000,000",birchkh01
Ryan Arcidiacono,CHI,"$3,000,000","$3,000,000",,,,,Cap space,"$3,000,000",arcidry01
Aleksej Pokusevski,OKC,"$2,964,840","$3,113,160","$3,261,480","$5,009,633",,,1st Round Pick,"$6,078,000",pokusal01
Goga Bitadze,IND,"$2,957,520","$3,098,400","$4,765,339",,,,1st Round Pick,"$6,055,920",bitadgo01
Lonnie Walker,SAS,"$2,892,000","$4,447,896",,,,,1st Round Pick,"$7,339,896",walkelo01
Dewayne Dedmon,DET,"$2,866,667","$2,866,667","$2,866,667","$2,866,667","$2,866,667",,,"$14,333,335",dedmode01
Andrew Nicholson,POR,"$2,844,429","$2,844,429","$2,844,429","$2,844,429",,,,"$11,377,716",nichoan01
Luka Šamanić,SAS,"$2,824,320","$2,959,080","$4,556,983",,,,1st Round Pick,"$5,783,400",samanlu01
Josh Green,DAL,"$2,816,760","$2,957,520","$3,098,400","$4,765,339",,,1st Round Pick,"$5,774,280",greenjo02
Kevin Huerter,ATL,"$2,761,920","$4,253,357",,,,,1st Round Pick,"$7,015,277",huertke01
Marko Guduric,MEM,"$2,750,000",,,,,,,"$2,750,000",gudurma01
Alex Caruso,LAL,"$2,750,000",,,,,,Room Exception,"$2,750,000",carusal01
Matisse Thybulle,PHI,"$2,711,280","$2,840,160","$4,379,527",,,,1st Round Pick,"$5,551,440",thybuma01
Saddiq Bey,DET,"$2,689,920","$2,824,320","$2,959,080","$4,556,983",,,1st Round Pick,"$5,514,240",beysa01
Josh Okogie,MIN,"$2,651,040","$4,087,904",,,,,1st Round Pick,"$6,738,944",okogijo01
Vincent Poirier,PHI,"$2,619,207",,,,,,Minimum Salary,"$2,619,207",poirivi01
Brandon Clarke,MEM,"$2,602,920","$2,726,880","$4,343,920",,,,1st Round Pick,"$5,329,800",clarkbr01
Precious Achiuwa,MIA,"$2,582,160","$2,711,280","$2,840,160","$4,379,527",,,1st Round Pick,"$5,293,440",achiupr01
Marc Gasol,LAL,"$2,564,753","$2,692,991",,,,,Minimum Salary,"$5,257,744",gasolma01
Carmelo Anthony,POR,"$2,564,753",,,,,,Minimum Salary,"$2,564,753",anthoca01
Dwight Howard,PHI,"$2,564,753",,,,,,Minimum Salary,"$2,564,753",howardw01
Udonis Haslem,MIA,"$2,564,753",,,,,,Minimum Salary,"$2,564,753",hasleud01
Jared Dudley,LAL,"$2,564,753",,,,,,Minimum Salary,"$2,564,753",dudleja01
Nicolas Batum,LAC,"$29,695,187",,,,,,Minimum Salary,"$2,564,753",batumni01
Wayne Ellington,DET,"$3,005,225",,,,,,Minimum Salary,"$2,564,753",ellinwa01
J.J. Barea,DAL,"$2,564,753",,,,,,,"$2,564,753",bareajo01
Jeff Green,BRK,"$2,564,753",,,,,,Minimum Salary,"$2,564,753",greenje02
Jeff Teague,BOS,"$2,564,753",,,,,,Minimum Salary,"$2,564,753",teaguje01
Grayson Allen,MEM,"$2,545,320","$4,054,695",,,,,1st Round Pick,"$6,600,015",allengr01
Grant Williams,BOS,"$2,498,760","$2,617,800","$4,306,281",,,,1st Round Pick,"$5,116,560",willigr01
Tyrese Maxey,PHI,"$2,478,840","$2,602,920","$2,726,880","$4,343,920",,,1st Round Pick,"$5,081,760",maxeyty01
Chandler Hutchison,CHI,"$2,443,440","$4,019,459",,,,,1st Round Pick,"$2,443,440",hutchch01
Darius Bazley,OKC,"$2,399,160","$2,513,040","$4,264,629",,,,1st Round Pick,"$4,912,200",bazleda01
Zeke Nnaji,DEN,"$2,379,840","$2,498,760","$2,617,800","$4,306,281",,,1st Round Pick,"$4,878,600",nnajize01
Aaron Holiday,IND,"$2,345,640","$3,980,551",,,,,1st Round Pick,"$6,326,191",holidaa01
Bryn Forbes,MIL,"$2,337,145","$2,454,002",,,,,MLE,"$2,337,145",forbebr01
E'Twaun Moore,PHO,"$2,331,593",,,,,,Minimum Salary,"$2,331,593",mooreet01
Markieff Morris,LAL,"$2,331,593",,,,,,Minimum Salary,"$2,331,593",morrima02
Reggie Jackson,LAC,"$2,331,593",,,,,,Minimum Salary,"$2,331,593",jacksre01
Bismack Biyombo,CHO,"$2,331,593",,,,,,Minimum Salary,"$2,331,593",biyombi01
DeMarcus Cousins,HOU,"$2,331,593",,,,,,,,couside01
Hassan Whiteside,SAC,"$2,320,044",,,,,,Minimum Salary,"$2,320,044",whiteha01
Kent Bazemore,GSW,"$2,320,044",,,,,,Minimum Salary,"$2,320,044",bazemke01
Alex Len,TOR,"$2,320,000",,,,,,MLE,"$2,320,000",lenal01
Luke Kornet,CHI,"$2,304,878",,,,,,Room Exception,"$2,304,878",kornelu01
Ty Jerome,OKC,"$2,303,040","$2,412,840","$4,220,057",,,,1st Round Pick,"$4,715,880",jeromty01
Taj Gibson,NYK,"$3,283,684",,,,,,Minimum Salary,"$1,000,000",gibsota01
Mike Muscala,OKC,"$2,283,034",,,,,,Minimum Salary,"$2,283,034",muscami01
Ben McLemore,HOU,"$2,283,034",,,,,,Minimum Salary,"$2,283,034",mclembe01
Anfernee Simons,POR,"$2,252,040","$3,938,818",,,,,1st Round Pick,"$6,190,858",simonan01
Brad Wanamaker,GSW,"$2,250,000",,,,,,Mini MLE,"$2,250,000",wanambr01
Monta Ellis,IND,"$2,245,400","$2,245,400",,,,,,"$4,490,800",ellismo01
Nassir Little,POR,"$2,210,640","$2,316,240","$4,171,548",,,,1st Round Pick,"$4,526,880",littlna01
R.J. Hampton,DEN,"$2,193,480","$2,303,040","$2,412,840","$4,220,057",,,1st Round Pick,"$4,496,520",hamptrj01
Matthew Dellavedova,CLE,"$2,174,318",,,,,,Minimum Salary,"$2,174,318",dellama01
Solomon Hill,ATL,"$2,174,318",,,,,,Cap Space,"$2,174,318",hillso01
Moritz Wagner,WAS,"$2,161,920","$3,893,618",,,,,1st Round Pick,"$2,161,920",wagnemo01
Edmond Sumner,IND,"$2,160,000","$2,320,000",,,,,Cap Space,"$2,160,000",sumneed01
Dylan Windler,CLE,"$2,137,440","$2,239,200","$4,037,278",,,,1st Round Pick,"$4,376,640",windldy01
Immanuel Quickley,NYK,"$2,105,520","$2,210,640","$2,316,240","$4,171,548",,,1st Round Pick,"$4,316,160",quickim01
John Konchar,MEM,"$2,093,023","$2,197,674","$2,302,326","$2,406,977",,,MLE,"$9,000,000",konchjo01
Landry Shamet,BRK,"$2,090,040","$3,768,342",,,,,1st Round Pick,"$5,858,382",shamela01
Mfiondu Kabengele,LAC,"$2,075,880","$2,174,880","$3,923,484",,,,1st Round Pick,"$2,075,880",kabenmf01
Jordan Poole,GSW,"$2,063,280","$2,161,440","$3,901,399",,,,1st Round Pick,"$4,224,720",poolejo01
Bol Bol,DEN,"$2,058,240","$2,161,152",,,,,MLE,"$4,219,392",bolbo01
Keldon Johnson,SAS,"$2,048,040","$2,145,720","$3,873,025",,,,1st Round Pick,"$4,193,760",johnske04
Payton Pritchard,BOS,"$2,035,800","$2,137,440","$2,239,200","$4,037,278",,,1st Round Pick,"$4,173,240",pritcpa01
Kevin Porter Jr.,CLE,"$2,033,160","$2,130,240","$3,845,083",,,,1st Round Pick,"$4,163,400",porteke02
Robert Williams,BOS,"$2,029,920","$3,661,976",,,,,1st Round Pick,"$5,691,896",williro04
Glenn Robinson III,SAC,"$2,028,594",,,,,,Minimum Salary,"$2,028,594",robingl02
Langston Galloway,PHO,"$2,028,594",,,,,,Minimum Salary,"$2,028,594",gallola01
Tyler Johnson,BRK,"$2,028,594",,,,,,Minimum Salary,"$2,028,594",johnsty01
Bruno Caboclo,HOU,"$2,028,594","$2,283,034",,,,,Minimum Salary,"$50,000",cabocbr01
Jacob Evans,NYK,"$2,017,320",,,,,,,"$2,017,320",evansja02
Théo Maledon,OKC,"$2,000,000","$2,000,000","$1,900,000","$1,930,681",,,MLE,"$4,000,000",maledth01
Kenrich Williams,OKC,"$2,000,000","$2,000,000","$2,000,000",,,,Sign and Trade,"$2,000,000",willike04
Damyean Dotson,CLE,"$2,000,000","$2,000,000",,,,,MLE,"$2,000,000",dotsoda01
Cameron Payne,PHO,"$1,977,011",,,,,,Minimum Salary,"$1,977,011",payneca01
Udoka Azubuike,UTA,"$1,977,000","$2,075,880","$2,174,880","$3,923,484",,,1st Round Pick,"$4,052,880",azubuud01
Jaden McDaniels,MIN,"$1,964,760","$2,063,280","$2,161,440","$3,901,399",,,1st Round Pick,"$4,028,040",mcdanja02
Malachi Flynn,TOR,"$1,950,600","$2,048,040","$2,145,720","$3,873,025",,,1st Round Pick,"$3,998,640",flynnma01
Gary Clark,ORL,"$1,944,677","$2,041,911",,,,,Non Bird,"$3,986,588",clarkga01
Desmond Bane,MEM,"$1,936,440","$2,033,160","$2,130,240","$3,845,083",,,1st Round Pick,"$3,969,600",banede01
Anderson Varejão,POR,"$1,913,345",,,,,,,"$1,913,345",varejan01
Jontay Porter,MEM,"$1,904,762","$2,000,000","$2,095,238",,,,MLE,"$6,000,000",portejo01
Jahlil Okafor,DET,"$1,882,867","$2,130,023",,,,,Minimum Salary,"$4,012,890",okafoja01
Raul Neto,WAS,"$1,882,867",,,,,,Minimum Salary,"$1,882,867",netora01
JaKarr Sampson,IND,"$1,882,867",,,,,,Minimum Salary,"$1,882,867",sampsja02
Jerian Grant,HOU,"$1,882,867",,,,,,,"$1,882,867",grantje02
Frank Kaminsky,PHO,"$1,882,867",,,,,,,,kaminfr01
Larry Sanders,MIL,"$1,865,547","$1,865,547",,,,,,"$3,731,094",sandela01
David Nwaba,HOU,"$1,862,250",,,,,,MLE,"$1,862,250",nwabada01
Marquese Chriss,GSW,"$1,824,003",,,,,,Minimum Salary,"$800,000",chrisma01
Timothé Luwawu-Cabarrot,BRK,"$1,824,003",,,,,,,,luwawti01
Georges Niang,UTA,"$1,783,557",,,,,,,,niangge01
Rodions Kurucs,BRK,"$1,780,152","$1,861,068",,,,,Cap space,"$1,780,152",kurucro01
Damion Lee,GSW,"$1,762,796","$1,910,860",,,,,MLE,"$600,000",leeda03
Furkan Korkmaz,PHI,"$1,762,796",,,,,,,,korkmfu01
Alfonzo McKinnie,LAL,"$1,762,796","$1,910,860","$2,165,298",,,,,,mckinal01
Abdel Nader,PHO,"$1,752,950",,,,,,Cap Space,"$1,752,950",naderab01
Semi Ojeleye,BOS,"$1,752,950",,,,,,Cap space,"$1,752,950",ojelese01
Damian Jones,PHO,"$1,737,145","$1,977,011",,,,,Minimum Salary,"$3,714,156",jonesda03
DeAndre' Bembry,TOR,"$1,737,145","$1,977,011",,,,,Minimum Salary,"$1,737,145",bembrde01
Willy Hernangómez,NOP,"$1,727,145",,,,,,Minimum Salary,"$700,000",hernawi01
Shake Milton,PHI,"$1,701,593","$1,846,738","$1,997,718",,,,Cap Space,"$3,548,331",miltosh01
Thanasis Antetokounmpo,MIL,"$1,701,593",,,,,,Minimum Salary,"$1,701,593",antetth01
Brandon Goodwin,ATL,"$1,701,593",,,,,,,,goodwbr01
Wesley Iwundu,DAL,"$1,678,854","$1,824,003",,,,,Minimum Salary,"$3,502,857",iwundwe01
Harry Giles,POR,"$1,678,854",,,,,,Minimum Salary,"$1,678,854",gilesha01
Dwayne Bacon,ORL,"$1,678,854","$1,824,003",,,,,Minimum Salary,"$1,678,854",bacondw01
Sindarius Thornwell,NOP,"$1,678,854","$1,824,003",,,,,Minimum Salary,"$1,678,854",thornsi01
Torrey Craig,MIL,"$1,678,854",,,,,,Minimum Salary,"$1,678,854",craigto01
Sterling Brown,HOU,"$1,678,854",,,,,,Minimum Salary,"$1,678,854",brownst02
Shaquille Harrison,UTA,"$1,678,854",,,,,,,,harrish01
Monte Morris,DEN,"$1,663,861","$8,333,333","$9,000,000","$9,666,667",,,Minimum Salary,"$27,000,000",morrimo01
Gary Trent Jr.,POR,"$1,663,861",,,,,,MLE,"$1,663,861",trentga02
Hamidou Diallo,OKC,"$1,663,861",,,,,,MLE,"$1,663,861",diallha01
Mitchell Robinson,NYK,"$1,663,861","$1,802,057",,,,,MLE,"$1,663,861",robinmi01
Kendrick Nunn,MIA,"$1,663,861",,,,,,Minimum Salary,"$1,663,861",nunnke01
Duncan Robinson,MIA,"$1,663,861",,,,,,MLE,"$1,663,861",robindu01
Sviatoslav Mykhailiuk,DET,"$1,663,861",,,,,,Cap Space,"$1,663,861",mykhasv01
Jalen Brunson,DAL,"$1,663,861","$1,802,057",,,,,Cap Space,"$1,663,861",brunsja01
Isaac Bonga,WAS,"$1,663,861",,,,,,,,bongais01
Jarred Vanderbilt,MIN,"$1,663,861",,,,,,,,vandeja01
Devonte' Graham,CHO,"$1,663,861",,,,,,,,grahade01
Bruce Brown,BRK,"$1,663,861",,,,,,,,brownbr01
Drew Eubanks,SAS,"$1,620,564","$1,762,796","$1,910,860",,,,Minimum Salary,"$2,120,564",eubandr01
Josh Gray,OKC,"$1,620,564",,,,,,,"$1,620,564",grayjo01
Wenyen Gabriel,NOP,"$1,620,564","$1,762,796",,,,,Minimum Salary,"$1,620,564",gabriwe01
Terance Mann,LAC,"$1,517,984","$1,782,621","$1,930,681",,,,Minimum Salary,"$1,517,984",mannte01
Admiral Schofield,OKC,"$1,517,981","$1,782,621",,,,,MLE,"$3,300,602",schofad01
KZ Okpala,MIA,"$1,517,981","$1,782,621",,,,,MLE,"$3,300,602",okpalkz01
Eric Paschall,GSW,"$1,517,981","$1,782,621",,,,,MLE,"$3,300,602",pascher01
Cody Martin,CHO,"$1,517,981","$1,782,621",,,,,MLE,"$3,300,602",martico01
Nicolas Claxton,BRK,"$1,517,981","$1,782,621",,,,,Minimum Salary,"$3,300,602",claxtni01
Carsen Edwards,BOS,"$1,517,981","$1,782,621","$1,930,681",,,,Cap space,"$3,300,602",edwarca01
Bruno Fernando,ATL,"$1,517,981","$1,782,621",,,,,Cap space,"$3,300,602",fernabr01
Luguentz Dort,OKC,"$1,517,981","$1,782,621","$1,930,681",,,,Minimum Salary,"$2,142,981",dortlu01
Justin James,SAC,"$1,517,981","$1,782,621",,,,,Minimum Salary,"$1,517,981",jamesju01
Isaiah Roby,OKC,"$1,517,981","$1,782,621","$1,930,681",,,,MLE,"$1,517,981",robyis01
Ignas Brazdeikis,NYK,"$1,517,981","$1,782,621",,,,,Minimum Salary,"$1,517,981",brazdig01
Chris Silva,MIA,"$1,517,981","$1,782,621",,,,,MLE,"$1,517,981",silvach01
Talen Horton-Tucker,LAL,"$1,517,981",,,,,,Minimum Salary,"$1,517,981",hortota01
Jalen Lecque,IND,"$1,517,981","$1,782,621","$1,930,681",,,,Cap Space,"$1,517,981",lecquja01
Daniel Gafford,CHI,"$1,517,981","$1,782,621","$1,930,681",,,,Minimum Salary,"$1,517,981",gaffoda01
Alen Smailagić,GSW,"$1,517,981","$1,782,621","$1,930,681",,,,MLE,"$1,517,581",smailal01
Matt Thomas,TOR,"$1,517,981","$1,782,621",,,,,MLE,"$725,000",thomama02
Anžejs Pasečņiks,WAS,"$1,517,981","$1,782,621",,,,,Minimum Salary,"$350,000",pasecan01
Miye Oni,UTA,"$1,517,981","$1,782,621",,,,,,,onimi01
Terence Davis,TOR,"$1,517,981",,,,,,,,daviste02
Naz Reid,MIN,"$1,517,981","$1,782,621","$1,930,681",,,,,,reidna01
Jaylen Nowell,MIN,"$1,517,981","$1,782,621","$1,930,681",,,,,,nowelja01
Chris Clemons,HOU,"$1,517,981","$1,782,621",,,,,,,clemoch01
Mychal Mulder,GSW,"$1,517,981","$1,782,621",,,,,,,muldemy01
Dean Wade,CLE,"$1,517,981","$1,782,621","$1,930,681",,,,,,wadede01
Jalen McDaniels,CHO,"$1,517,981","$1,782,621","$1,930,681",,,,,,mcdanja01
Caleb Martin,CHO,"$1,517,981","$1,782,621",,,,,,,martica02
Javonte Green,BOS,"$1,517,981",,,,,,,,greenja02
Robert Woodard,SAC,"$1,500,000","$1,517,981","$1,782,621","$1,930,681",,,MLE,"$3,317,981",woodaro01
J.R. Smith,CLE,"$1,456,667","$1,456,666",,,,,,"$2,913,333",smithjr01
Jae'Sean Tate,HOU,"$1,445,967","$1,517,981","$1,782,621",,,,MLE,"$50,000",tateja01
DaQuan Jeffries,SAC,"$1,445,697","$1,701,593",,,,,Minimum Salary,"$1,445,697",jeffrda01
Zylan Cheatham,OKC,"$1,445,697",,,,,,,"$1,445,697",cheatzy01
Isaiah Hartenstein,DEN,"$1,445,697","$1,701,593",,,,,Minimum Salary,"$1,445,697",harteis01
Zach Norvell,CHI,"$1,445,697",,,,,,,"$1,445,697",norveza01
Kelan Martin,IND,"$1,445,697","$1,701,593",,,,,Minimum Salary,"$722,848",martike03
Paul Watson,TOR,"$1,445,697","$1,701,593",,,,,Minimum Salary,"$350,000",watsopa01
Vernon Carey Jr.,CHO,"$1,350,000","$1,517,981","$1,782,621","$1,930,681",,,Cap Space,"$4,650,602",careyve01
Xavier Tillman Sr.,MEM,"$1,300,000","$1,517,981","$1,782,621","$1,930,681",,,MLE,"$4,600,602",tillmxa01
Tyrell Terry,DAL,"$1,289,846","$1,517,981","$1,782,621","$1,930,681",,,MLE,"$4,590,448",terryty01
Guerschon Yabusele,BOS,"$1,039,080","$1,039,080",,,,,,"$2,078,160",yabusgu01
Elfrid Payton,NYK,"$5,760,000",,,,,,,"$5,760,000",paytoel01
Jahmi'us Ramsey,SAC,"$1,000,000","$1,517,981","$1,782,621",,,,MLE,"$2,517,981",ramseja01
Taj Gibson,NYK,"$3,283,684",,,,,,,"$1,000,000",gibsota01
Quinn Cook,LAL,"$1,000,000",,,,,,,"$1,000,000",cookqu01
Nick Richards,CHO,"$1,000,000",,,,,,Cap Space,"$1,000,000",richani01
Kyle Singler,OKC,"$999,200","$999,200","$999,200",,,,,"$2,997,600",singlky01
Deividas Sirvydis,DET,"$898,310","$1,517,981","$1,782,621",,,,Cap Space,"$4,198,912",sirvyde01
Elijah Hughes,UTA,"$898,310","$1,517,981",,,,,Minimum Salary,"$2,416,291",hugheel01
Tre Jones,SAS,"$898,310","$1,517,981","$1,782,621",,,,MLE,"$2,416,291",jonestr01
CJ Elleby,POR,"$898,310","$1,517,981",,,,,Minimum Salary,"$2,416,291",ellebcj01
Isaiah Joe,PHI,"$898,310","$1,517,981","$1,782,621",,,,MLE,"$2,416,291",joeis01
Jordan Nwora,MIL,"$898,310","$1,517,981",,,,,Minimum Salary,"$2,416,291",nworajo01
Daniel Oturu,LAC,"$898,310","$1,517,981",,,,,Minimum Salary,"$2,416,291",oturuda01
Sam Merrill,MIL,"$898,310","$1,517,981",,,,,Minimum Salary,"$1,398,310",merrisa01
Anthony Gill,WAS,"$898,310","$1,517,981",,,,,Minimum Salary,"$898,310",gillan01
Kenyon Martin Jr.,HOU,"$898,310","$1,517,981","$1,782,621","$1,930,681",,,MLE,"$898,310",martike04
Vlatko Čančar,DEN,"$898,310","$1,782,621",,,,,MLE,"$898,310",cancavl01
Khyri Thomas,ATL,"$744,684",,,,,,,"$744,684",thomakh01
Patrick Patterson,OKC,"$3,814,768","$737,066",,,,,,"$1,474,133",pattepa01
Cole Aldrich,MIN,"$685,340",,,,,,,"$685,340",aldrico01
Shaun Livingston,GSW,"$666,667","$1,333,332",,,,,,"$1,999,999",livinsh01
Dakari Johnson,MEM,"$459,414",,,,,,,"$459,414",johnsda04
Wayne Ellington,NYK,"$3,005,225",,,,,,,"$440,472",ellinwa01
A.J. Hammons,MIA,"$350,087",,,,,,,"$350,087",hammoaj01
Rayjon Tucker,CLE,"$340,000",,,,,,,"$340,000",tuckera01
Oshae Brissett,TOR,"$300,000",,,,,,,"$300,000",brissos01
Frank Jackson,OKC,,,,,,,,"$250,000",jacksfr01
Justin Anderson,PHI,"$125,000",,,,,,,"$125,000",anderju01
Troy Williams,HOU,"$122,741","$122,741","$122,741",,,,,"$368,223",willitr02
Demetrius Jackson,BOS,"$92,857","$92,857","$92,857","$92,857",,,,"$371,428",jacksde01
Henry Ellenson,TOR,"$50,000",,,,,,,"$50,000",ellenhe01
Chimezie Metu,SAC,,,,,,,,"$50,000",metuch01
